date,text,likes,retweets
2019-07-04 21:23:23,"The results of the folks in my free #crypto trading channel speak for themselves. \n\nActually, I\'ll let them do the taking. \n\n#bitcoin #btc #cryptdex",57,10
2019-07-04 13:27:14,"#DENT: Most important Q2 #ROADMAP item OVERACHIEVED by 2,95 Million Users!  Target was: ""Reach 15 Million Users by end of Q2"" #DENT User count 30.06.2019 was 17,95 Million! Get DENT Apps here: https://bit.ly/2Gv43lE  #dentcoin #btc #eth #bitcoin #eSIM #GSMA #crypto #blockchainpic.twitter.com/A8UeEHfVeg",278,79
2019-07-04 13:55:07,"You can buy #bitcoin for $11,850 (Bitstamp) and future sell for $12,030 (CME) .. making a \'risk-free\' 1.5% return in 24 days (24% annualized).\n\nIf bitcoin drops to $10k you have $10k btc & $2030 cash end-July\nIf bitcoin rises to $15k you have $15k btc & -$2970 cash\n#CashAndCarrypic.twitter.com/1ScmwNjrod",227,42
2019-07-04 16:37:31,$BTC - no problemo #bitcoin pic.twitter.com/dwGw6Ae82d,121,19
2019-07-04 20:25:39,Best privacy coin guys??\n#privacy #Anonymous #verge #xvg #tron #trx #monero #xmr #dash #bitcoin #btc #crypto #cryptocurrencynews #cryptocurrencymarket #miota #iota #ripple #xrp #digibyte #dgb #nem #xem #cryptos #altcoins #coins #binance #bnb #darkweb #security #money,58,24
2019-07-04 18:00:03,"$BTC #BITCOIN\n\nPretty boring sideways day here, but Bitcoin has chosen it\'s path. \n\nInterested to see how we\'re going to react to the $12,400 area back again. pic.twitter.com/3x1vKMrHA9",47,6
2019-07-04 20:19:32,$BTC #Bitcoin\n\nFor America... for freedom pic.twitter.com/rcMIOdRmes,80,5
2019-07-04 23:39:40,Crypto Prediction 2019\nBitcoin nextbull 40000$\nLitecoin 500-1000$\nEthereum 1500-2000$\nXRP 5-7$ \n#xrp #bitcoin #ltc #ether #btc #cryptobullrun,126,23
2019-07-04 21:38:27,Scatter 11 Meteoric dashboard concept. #eos #bitcoin #btc #wallet #scatter #designpic.twitter.com/wBQzengwaz,76,9
2019-07-04 21:00:38,#MurthaBurke #Cryptoclarifications!  @thecollectivego \nLet that fry\n https://buff.ly/2xeVTHC  \n#crypto #btc #bitcoin #blockchain #eth #ethereum #cryptocurrency #altcoin #fintech #ico #ieo,38,31
2019-07-04 23:16:40,"#LightningNetwork \n\nhttp://1ML.com  observed:\n8,950 nodes (4,407 with active channels)\n34,228 channels\n937.676 BTC capacity ($10,449,887)\n\nmedian node capacity: 0.012 BTC ($137.62)\n\npast 24h:\n+6 nodes +189 channels -1.872 BTC ($-20,859)\n\n#Lightning #LN #bitcoin $BTC",23,7
2019-07-04 18:09:16,"#USA  is ready for #VeChain \n\n#OceanEx will follow, i believe.\nIt would be rough, but the Cryptolawyer is here.\n\n$VET $OCE #Bitcoin $BTC #Walmart https://twitter.com/jasonrockwood/status/1146800198070484993 \xe2\x80\xa6",40,8
2019-07-04 17:14:36,Team SafeCoin wishes you a happy 4th of July!\n\n@americacrypto @CryptoUSA #americacrypto #cryptousa #safepay #safetrade $SAFE #Crypto #BTC #Bitcoin #cryptocurrency #cryptocurrency #coindesklive #cryptocurrencynews #coindesk #cryptotrading #trading #4thofJuly #4thofjuly2019pic.twitter.com/KTyufdNvZZ,25,12
2019-07-04 23:54:01,CMC rankings of exchange volumes cannot be trusted. Here is an insightful piece that looks at how exchanges can fake volumes...\n\nhttps://www.forbes.com/sites/jeffkauflin/2019/07/02/the-anatomy-of-a-fake-cryptocurrency-trade-how-exchanges-create-phony-transactions \xe2\x80\xa6 #bitcoin $BTC #exchanges #Binance #trading #washtrading #fake,2,2
2019-07-04 20:35:26,News Aggregated By BitcoinPrices.Stream-- Bitcoin (BTC) to Gain More Strength Above $12k Mark -- https://cryptocurrencynews.com/bitcoin-btc-07-04-19/?utm_campaign=rss__ccn&utm_source=rss&utm_medium=rss \xe2\x80\xa6 #Crypto #Cryptonews,1,0
2019-07-04 16:32:11,3 Million Traditional ATMs Will Work as Bitcoin ATMs\n\nhttps://bitcoinik.com/3-million-traditional-atms-will-work-as-bitcoin-atms/ \xe2\x80\xa6\n\n#Blockchain #crypto #cryptocurrency #altcoin #btc #Bitcoin #ledger #safu #hodl #buidl #exchange #eth #ltc #xrp #eos #xlm #trx #bnb #ada #xmr #facebooklibra #libracoinpic.twitter.com/ozvpvLto0v,3,2
2019-07-04 22:07:33,Retail Payment Network\xe2\x80\x94Flexa Accepts Litecoin (LTC) - http://bit.ly/2Jd8aTG \n #bitcoin #btc #bitcoinnews #blockchainpic.twitter.com/b3mXDZ3Hny,2,2
2019-07-04 13:40:09,#Bitcoin $BTC next target $18000?\nChart by @WCSERAhttp://bit.ly/321muWy ,21,3
2019-07-04 20:00:53,If u want support me and maybe u like my tweets and what I do in this space :) \n\nDon\xe2\x80\x99t be shy and #tipme \n\n#Bitcoin #BTC : bc1qz8amgq75xf9rm2x545kk0yv3dent87vsfy7ql0 \n\notherwise I sell u my bathwater  pic.twitter.com/0Tc1tStkRK,58,1
2019-07-04 15:53:36,#BlockSafe @BlockSafeTech  is a legitimate project that aiming for a better future. #BlockSafe has extraordinary goals and plans for the future. So pay attention to this company and become its investor.\n#BlockSafe #BSAFE #STO #bitcoin #btc #cryptocurrency https://www.blocksafetech.com/ ,3,3
2019-07-04 20:00:19,#MurthaBurke #CryptoClarifications! @thecollectivego\nWalmart to use VeChain\xe2\x80\x99s blockchain in Supply Chain Tracking! \nhttps://buff.ly/2YitFYc \n #crypto #btc #bitcoin #blockchain #eth #ethereum #cryptocurrency #altcoin #fintech #ico #ieo,41,24
2019-07-04 22:40:02,Bitcoin [BTC]: trader explica technical analysis de bitcoin en CME Futures\n\n#Bitcoin #BTC #Finanzas #Dinero #Criptomonedas #Blockchain #Tecnolog\xc3\xada #Mercados #Noticias\n\nhttps://spanish.ambcrypto.com/bitcoin-btc-trader-explica-technical-analysis-de-bitcoin-en-cme-futures/?utm_source=twitter.com&utm_medium=social&utm_campaign=bitcoin-[btc]-trader-explica-technical \xe2\x80\xa6,1,1
2019-07-04 18:38:11,This could be a great domain for an invest. Imagine the value in 5 years! \n\nhttp://BLOCKCHAIN-INFOTECH.COM  \n\n#bitcoin #btc #eth #Ethereum\n#blockchain #startup #entrepreneur\n#technology #crypto #cryptocurrency $btc $eth #website #godaddy #domain #IndependenceDay\n\nhttps://in.auctions.godaddy.com/trpItemListing.aspx?miid=290359326 \xe2\x80\xa6,1,0
2019-07-04 13:48:48,Big picture... I am hoping for a correction to 7-8k levels for the next 4 months or so then a massive bullrun to 20k and beyond #Bitcoin #BTC pic.twitter.com/OWgabTNJ4C,8,1
2019-07-04 16:23:18,#bitcoin #btc and #BCH are the only profitable #cryptocurrency #trading coins https://www.instagram.com/p/BzgFvytAFN7/?igshid=2vjsnwpqkeiw \xe2\x80\xa6,0,0
2019-07-04 12:48:21,Tether prints another $100M USDT. \nDo you think this move by #Tether will play a part in the price action over the next few days?\n\nFor more info: https://cryptopotato.com/tether-prints-another-100m-usdt-weekend-action-ahead-for-bitcoin/ \xe2\x80\xa6\n\n#Bitcoin $BTC $USDT,6,4
2019-07-04 22:50:07,"As of July 3, 2019 at 05:50PM, 1 ETH = 295.07 USD.  https://goo.gl/E2Ee6A   #Investing #fire #ira #401k #money #stock #retirement #trade #NeverWorkAgain #CapitalGain #Savings #PersonalFinance #crypto #ethereum #eth #bitcoin #btc",3,1
2019-07-04 21:37:18,$PLA CSGO will be tried soon.\nI hope the platform will open soon.\n\n#Bitcoin $btc $eth $xrp $ELROND $npxs $hot $bnb $ada $Ltc $trx $vet $oce $one $btt $atompic.twitter.com/McQYi2W8eN,10,2
2019-07-04 18:45:35,#Bitcoin (BTC) to Gain More Strength Above $12k Mark http://dlvr.it/R7q8nm  http://bit.ly/2DfS5ZT pic.twitter.com/0vcb4tOzcN,2,1
2019-07-04 23:31:47,$BTC update\n\nRespected the resistance area around Pivot Weekly at $11800\n\nSee if Kumo level 1 holds or pullback to further support\n\nBulls need to hold $9600 - $9900 support area\n\n#Bitcoin #BTC #Crypto pic.twitter.com/UBpQxWMMBz,5,0
2019-07-04 14:00:26,Massive shout-out to Josh Sigurdson of World Alternative Media @WorldAltMedia for the recent interview where I talked about the catastrophic Global Financial and Banking Crisis that we are in right now! #steem\n\n#ghostcrash #bitcoin #btc #blockchainhttps://steemit.com/investors-group/@stephenkendal/massive-shout-out-to-josh-sigurdson-of-world-alternative-media-for-the-recent-interview-where-i-talked-about-the-catastrophic \xe2\x80\xa6,8,5
2019-07-04 20:51:19,"Apparently as long as you don\'t try to change the denomination, destroy it, or advertise a business, ""decorating"" USD isn\'t a crime. Interesting.\n\nPS - thanks for the stamp, @arcbtc!\n\n#buybitcoin $btc #bitcoin pic.twitter.com/19Iby5GcIF",20,8
2019-07-04 15:50:01,"Use #cryptocurrencies #bitcoin #BTC #Ethereum #ETH #Monero #XMR, ...? Then you trust peer to peer networks with your money. Trust Rakem for #crypto secure p2p messaging/calling. Rakem for #privacy #encryption. Signup get total #encryption & #privacyhttp://Raketu.com ",3,0
2019-07-04 20:58:00,Hold your crypto on a Trezor? You may want to use a passphrase.. A new attack vector has been found (attacker needs physical access) \n\nhttps://ledger-donjon.github.io/Unfixable-Key-Extraction-Attack-on-Trezor/ \xe2\x80\xa6 #Trezor #bitcoin $BTC #CyberSecurity #Hacker #crypto,2,1
2019-07-04 19:04:24,"Tether Prints 100 Million USDT As Bitcoin Hits $12,000 \xe2\x80\x93 Bitcoin, Ethereum, XRP, Litecoin Forecasts\n\n#Crypto #Bitcoin #BTC $BTC #Ethereum #ETH $ETH #XRP $XRP #Ripple #Litecoin #LTC $LTC #Tether #USDT $USDThttps://dailyhodl.com/2019/07/04/tether-prints-100-million-usdt-as-bitcoin-hits-12000-bitcoin-ethereum-xrp-litecoin-forecasts/ \xe2\x80\xa6",6,1
2019-07-04 16:31:31,"Small Country Considering Plan to Back Its Currency With Bitcoin, Says CNBC\xe2\x80\x99s Crypto Trader\n\n#Bitcoin #BTC $BTC #Crypto \nhttps://dailyhodl.com/2019/07/04/cnbcs-crypto-trader-small-country-considering-plan-to-back-its-currency-with-bitcoin/ \xe2\x80\xa6",3,0
2019-07-04 11:03:42,Bitcoin promoted from being \'digital gold\' to \'haven asset\' as it continues to rally\nhttps://ambcrypto.com/bitcoin-promoted-from-being-digital-gold-to-haven-asset-as-it-continues-to-rally/?utm_source=twitter.com&utm_medium=social&utm_campaign=bitcoin-promoted-from-being-digital-gol \xe2\x80\xa6\n#bitcoin #btc #cryptonews,13,4
2019-07-04 14:12:26,Why This Could Be The Worst Time In History To Buy Bitcoin (BTC)\n#Bitcoin $btc\nhttps://cryptocontrol.io/r/api/article/5d1e06d41af7e40011920064?ref=5cbcaaf63c08350010151b1f \xe2\x80\xa6,2,0
2019-07-04 17:18:38,"$DAPS hands down! These other #privacycoins wish they were HALF as good as @DAPSCOIN. Check out their sleek,super fast wallet in action!! Mainnet launch Q3\n\n#DAPSisComing #DAPSfam #DAPS #privacycoin #crypto #cryptocurrency #cryptotrading #blockchain #bitcoin #btc #ethereum #ethpic.twitter.com/lgxbndXpie",37,8
2019-07-04 16:16:02,BlockSafe Technologies Launches Ambassador Program to Bolster Crypto Wallet Security\n#BlockSafe #BSAFE #STO #bitcoin #btc #cryptocurrency\nhttps://www.globenewswire.com/news-release/2019/05/21/1833403/0/en/BlockSafe-Technologies-Launches-Ambassador-Program-to-Bolster-Crypto-Wallet-Security.html \xe2\x80\xa6,2,2
2019-07-04 19:07:09,$matic is over sold in 4hrs timeframe\nexpecting to fly soon\n#bitcoin $btc,3,0
2019-07-04 14:46:37,"TURN $50 INTO $95,701.25 THIS YEAR WITH MY BRAND NEW CRYPTO TRADING METHOD #bitcoin #btc #cryptocurrency #google #chrome http://bit.ly/2JVqyP1 ",1,0
2019-07-04 20:48:28,@Benaskren is a smooth dude. Just like litecoin \n\n#ltc #litecoin #bitcoin #btc,7,0
2019-07-04 23:53:06,"As of July 3, 2019 at 06:53PM, 1 XRP = 0.3971 USD.  https://goo.gl/E2Ee6A   #Investing #fire #ira #401k #money #stock #retirement #trade #NeverWorkAgain #CapitalGain #Savings #PersonalFinance #crypto #ethereum #eth #bitcoin #btc #xrp #ripple",1,1
2019-07-04 17:43:53,Does this look familiar #bitcoin #btc #xbtusd $btc pic.twitter.com/YlNofLopLz,5,0
2019-07-04 12:45:56,"Crypto Analyst: Prepare for 153% Bitcoin Surge \xe2\x80\x93 BTC, XRP, Ethereum, Litecoin Forecasts https://dailyhodl.com/2019/07/03/crypto-analyst-prepare-for-153-bitcoin-surge-btc-xrp-ethereum-litecoin-forecasts/ \xe2\x80\xa6\n\n#bitcoin #btc",0,0
2019-07-04 16:18:59,"Shinhan Bank, the second largest financial group in South Korea, is redoubling its efforts to police accounts related to cryptocurrency exchanges. \nhttp://ow.ly/QIBx50uTo8G \n\n#FCoin #FCoinJP #FCoinAsia #FCoinEurope #FMEX #Bitcoin #BTC #ETH #XRP #DAPS #TRX #crypto #Competitions",8,2
2019-07-04 16:23:17,Is $100 Million Newly Printed in Tether Moving Bitcoin [BTC] Price? - CTO Paolo Ardiono Clarifies\n#Tethere #USDT #bitcoin\nhttps://coingape.com/tether-prints-million-paolo-ardiono/ \xe2\x80\xa6,3,2
2019-07-04 14:54:32,The #Bitcoin $BTC price surges higher as its main market celebrates #IndependenceDayhttps://u.today/money-of-the-free-bitcoin-is-about-to-have-its-best-independence-day-ever \xe2\x80\xa6,4,0
2019-07-04 21:25:38,Can we all take a moment of silence this Fourth of July for Craig \xe2\x80\x9cSatoshi\xe2\x80\x9d Wright and go to http://www.loser.com .  Lmao #bitcoin $BTC,2,0
2019-07-04 22:27:40,China fined and confiscated 6b yuan from the financial sector.\n\nWait till they discover they can\'t confiscate your #bitcoin. $BTC\n\nHappy Independence Day  #July4https://twitter.com/globaltimesnews/status/1146698276768342016 \xe2\x80\xa6,7,1
2019-07-04 18:54:15,What\'s next?\n\n#bitcoin $btc $eth $bnb $eth $trx $ltc,1,0
2019-07-04 12:46:02,Ethereum [ETH] July 4 Trends: More Upside Expected Beyond $300 Decision Level\n\n#Bitcoin #BTC #ETH #Ethereum #ETC #NEO #AltCoin #Crypto #cryptocurrency\n\nhttps://coingape.com/ethereum-eth-july-4-trends/ \xe2\x80\xa6,0,0
2019-07-04 18:13:08,But how much energy for a BTC transaction? http://Carbonara.info  gives you the answer! #bitcoin #BTC #energyhttps://twitter.com/BBCTech/status/1146387401943769088 \xe2\x80\xa6,11,2
2019-07-04 21:19:56,Yea... ICO\xe2\x80\x98s are definitely dead \n\n#btc #bitcoin $btc #crypto #altcoins #trading $alts #icopic.twitter.com/lbWM9IYsdP,4,0
2019-07-04 18:23:26,"Litecoin surged 400% the month before last halving, Will it repeat this time?\n#Bitcoin #btc $btc #crypto #cryptocurrency #cryptopolls #polls #Poll",3,1
2019-07-04 19:00:21,Why do #cryptocurrencies have a chance of replacing many or all existing #national #currencies?\n\nhttps://buff.ly/2YwvKQq \n\n#crypto #cryptocurrency #cryptocurrencies #blockchain #altcoin #altcoins #bitcoin #BTC #altcoinmagazine #digital #news #money #trading #banking #finance #coinpic.twitter.com/6mJRCf7rzK,3,2
2019-07-04 17:10:11,Now this Joker thinks he can time travel? Bitcoin Pretender Craig Wright Exposed as a liar again \nhttps://www.ccn.com/op-ed/bitcoin-craig-wright-fontgate/2019/07/04/ \xe2\x80\xa6\n\n#FCoin #FCoinJP #FCoinAsia #FCoinEurope #FMEX #Bitcoin #BTC #ETH #XRP #DAPS #TRX #crypto #Competitions,8,4
2019-07-04 18:37:28,Did Trump Just Order Everyone to Buy Bitcoin? $BTC $BTCUSD #btc #bitcoin https://insidebitcoins.com/news/did-trump-just-order-everyone-to-buy-bitcoin/231697 \xe2\x80\xa6,1,0
2019-07-04 13:50:16,#ghostcrash\n\nMassive shout-out to @WorldAltMedia for the recent interview where I talked about the catastrophic Global Financial and Banking Crisis that we are in right now.!!\n\n#bitcoin #btc #blockchainpic.twitter.com/DUvntuFtwD,11,4
2019-07-04 16:00:19,#MinuteCrypto #Bitcoin $BTC $Cryptopic.twitter.com/5dlLcDfHYt,6,0
2019-07-04 14:52:07,"Updated my blog\n\nBitcoin price remains on the same level, so where are the next trading points?\n\nLet\xe2\x80\x99s analyze today\xe2\x80\x99s chart within 1 min\n\n#cryptocurrency #bitcoin #btc #SwingTrading #Investment \n\n1 Minute Bitcoin Analysis [4th/Jul/2019] https://pearl-trading-room.com/1-minute-bitcoin-analysis-4th-jul-2019/ \xe2\x80\xa6",2,0
2019-07-04 21:14:44, Top 10 #cryptocurrencies rally steadily in the past 24 hrs; only $BTC has a slight positive return. Track real-time prices: https://terminal.coinscious.io/en \n\n#cryptocurrency #crypto #bitcoin #btc #\xeb\xb9\x84\xed\x8a\xb8\xec\xbd\x94\xec\x9d\xb8 #\xe3\x83\x93\xe3\x83\x83\xe3\x83\x88\xe3\x82\xb3\xe3\x82\xa4\xe3\x83\xb3 #\xe6\xaf\x94\xe7\x89\xb9\xe5\xb8\x81 $eth $xrp $ltc $bch $eos $bnb $usdt $bsv #altcoins #investpic.twitter.com/IxCtFd0XJU,3,0
2019-07-04 20:55:46,Bitcoin is  \n\nLitecoin is  \n\n#ltc #litecoin #bitcoin #btc,23,1
2019-07-04 20:00:10,Bitcoin (BTC) In A Pole Position To Soar After Trump\xe2\x80\x99s Recent Remarks #bitcoin #venezuela #btc Read more: http://bit.ly/2NwLnGp pic.twitter.com/Jyqs2nrsYC,1,1
2019-07-04 18:22:53,"\xe2\x80\x9cWe will outnumber the total number bitcoin ATMs within a year,\xe2\x80\x9d Coinsquare CEO Cole Diamond.\n\nCanadian crypto exchange Coinsquare to convert regular ATMs into crypto ATMs\n\n@Coinsquare #Crypto #cryptocurrency #bitcoin #btc \n\nhttps://iconow.net/coinsquare-will-convert-regular-atms-into-crypto-atms/ \xe2\x80\xa6",3,0
2019-07-04 21:00:03,"Tomorrow\'s Bitcoin(BTC) forecast is\n        \n\xe2\x96\xb3UP 65% \n\xe2\x96\xbcDOWN 35%\n\n#Bitcoin, #BTC\n\nBitcoin Forecast (iOS)\nhttps://itunes.apple.com/app/id1404198250 \xe2\x80\xa6pic.twitter.com/jsCWGkwIwu",0,0
2019-07-04 17:33:20,As an American: There is NOTHING that you can do to honor your founding fathers more on this #IndependenceDay than to buy and #HODL #Bitcoin #BTC\n\n#TaxationIsTheft (And that includes #Inflation)\n\nDear Federal Reserve:pic.twitter.com/xaZwmDa4lM,1,1
2019-07-04 20:10:48,#BTC #Bitcoin $BTC \n\nIt\'s best to trade without a bias and plan multiple scenarios. pic.twitter.com/71S42e8SL6,5,1
2019-07-04 18:30:26,A technical overview about #Libra and what it means for the #blockchain ecosystem.\n\nhttps://buff.ly/2RSvd8K \n\n#crypto #cryptocurrency #cryptocurrencies #altcoin #altcoins #bitcoin #BTC #altcoinmagazine #digital #news #money #trading #banking #finance #coin #portfolio #investmentpic.twitter.com/pNQmIsT3mA,1,0
2019-07-04 23:47:24,"http://www.loser.com  is now pointing to Craig Wright, true founder of Bitcoin http://www.loser.com  https://ift.tt/2RQ7hDc  $btc #bitcoin #crypto pic.twitter.com/13AGT4EEC7",1,0
2019-07-04 23:45:41,"1 Bitcoin ( #BTC )\nDollar: 11,172.33$ \n\n1 Bitcoin Cash ( #BCH )\nDollar: 4,00.36$ \n\n1 Ethereum ( #ETH )\nDollar: 283.55$ \n\n1 Ripple ( #XRP )\nDollar: 0.38751$ \n\nDate: 4 Jul 2019 23:45\n\n#Bitcoin #Ethereum #cryptocurrency #crypto #altcoin #Blockchain #Ripple",1,0
2019-07-04 23:37:01,"First they laugh at you, then they despise you, then they join you. Bitcoin is now one of the main tickers on Yahoo finance - right next to the major world currencies  \n\n#Bitcoin $BTC #crypto #fx #finance #trading #blockchain #yahoopic.twitter.com/ZoKzZcV2Lr",3,1
2019-07-04 23:10:07,"Bitcoin BTC Current Price:\n$11,633.18\n1 Hour: -0.17 % | 24 Hours: -1.08 % | 7 Days: 5.29 %\n#btc #bitcoin",0,0
2019-07-04 23:00:01,"Bitcoin - BTC\nPrice: $11,630.17\nChange in 1h: -0.19%\nMarket cap: $206,998,469,671.00\nRanking: 1\n#Bitcoin #BTC",0,0
2019-07-04 22:55:33,Craig Wright Uses Falsified Docs to Prove Innocence in Kleiman Case \nAnd there is only ONE #Bitcoin #BTC and it\'s NOT #BSV\nhttps://cointelegraph.com/news/craig-wright-uses-falsified-docs-to-prove-innocence-in-kleiman-case \xe2\x80\xa6 via @cointelegraph,1,1
2019-07-04 22:54:07,Current Bitcoin (BTC) Price: $11638.86 USD   The Bitcoin (BTC) Price a year ago on 2018-07-03: $6504.93 USD   #bitcoin pic.twitter.com/dHXTZLkxV9,0,0
2019-07-04 22:41:29,Why we will have to wait to see how this is implemented to learn if it will move the needle on #Crypto and #adoption. My thoughts on this story on today\'s #CryptoNow show  #coindesk #coinsquare #justcash #bitcoinatm #bitcoin #btc #crypto #cryptotransactions @Coinsquarepic.twitter.com/8auFQzTeSe,1,1
2019-07-04 22:07:04,"WorldCrypto\xe2\x80\xa2com, Paystax\xe2\x80\xa2com, TuitionPay\xe2\x80\xa2com, CryptoAndGold\xe2\x80\xa2com, & CryptoBank24\xe2\x80\xa2com Fintech Domain Names Sold Yesterday via @NameBio #Fintech #Crypto #Domains #domainnames #brands #payments #gold #cryptocurrency #blockchain #bitcoin #BTC #investing https://namebio.com/blog/daily-market-report-for-july-3rd-2019/ \xe2\x80\xa6",2,1
2019-07-04 21:51:30,"Securypto will have more more use cases than TRON.  Therefore, Securypto will become more popular.  #securypto #crypto #altcoin #bitcoin #btc #bitcoins #money #cryptocurrency #blockchain #fintech",1,0
2019-07-04 21:24:01,Another Bitcoin Price Pump Is Expected as Trump Escalates Economic Tensions with China\n\n#Bitcoin #BTC $BTC #BitcoinPrice #Crypto @APompliano @TheCryptoDog @GrahamBI1 @WhiteRabbitBTChttps://u.today/another-bitcoin-price-pump-is-expected-as-trump-escalates-economic-tensions-with-china \xe2\x80\xa6,9,1
2019-07-04 20:22:41,Brazil\xe2\x80\x99s Fifth Largest Bank Plans to Co-sell Over $1 Billion Worth of STOs Based on the Tezos Blockchain - http://bit.ly/2XqNnQn \n #bitcoin #btc #bitcoinnews #blockchainpic.twitter.com/RbozLaye4u,2,0
2019-07-04 20:17:30,"one by one the large PVT project was implemented\n\nbefore PVT becomes a very expensive token\n\nbetter buy now\nin Alrrady Exchange :\ncoinall, biup, MXC , AEX\n\n#blockchain\n#cryptocurrency \n#Crypto \n#CryptoNews \n#BitcoinIsBack \n#bitcoin\n#BTC\n#Ethereum \n#ETH \n#Waves \n#Dogecoinpic.twitter.com/J7IVSSkjpD",2,1
2019-07-04 20:11:47,Bitcoin (BTC) Price Rally And Recent Influx of USD Directly Correlate\nhttps://tribetica.com/bitcoin-btc-price-rally-and-recent-influx-of-usd-directly-correlate/ \xe2\x80\xa6\n\nhttp://reddit.com/r/tribetica \n#last7daysnews #Bitcoin #blockchain #crypto pic.twitter.com/qyhwwgbLlo,1,0
2019-07-04 19:55:01,Absolutely!  HODL $LINK like #Bitcoin $BTC\nhttps://twitter.com/DoncryptoI/status/1146585373218418689 \xe2\x80\xa6,3,1
2019-07-04 19:07:53,"Billionaire Investor: Bitcoin (BTC) to Hit $20,000 as Institutions Continue Sortie\nhttps://tribetica.com/billionaire-investor-bitcoin-btc-to-hit-20000-as-institutions-continue-sortie/ \xe2\x80\xa6\n\nhttp://reddit.com/r/tribetica \n#last7daysnews #Bitcoin #blockchain #crypto pic.twitter.com/v3MiYHjvw0",1,1
2019-07-04 18:38:09,"Exited at 11850 little above break even. Want to enjoy the holiday instead of looking at my phone. Market still isn\'t very clear on where we\'re going, and I don\'t feel like paying to find out #bitcoin $btc",1,0
2019-07-04 18:37:28,Did Trump Just Order Everyone to Buy Bitcoin? $BTC $BTCUSD #btc #bitcoin https://insidebitcoins.com/news/did-trump-just-order-everyone-to-buy-bitcoin/231697 \xe2\x80\xa6,0,0
2019-07-04 18:02:07,"This tweet, ""#Bitcoin (#BTC) In A Pole Position To Soar After #Trump\xe2\x80\x99s Recent Remarks: - Bitcoin (BTC) bulls are\xe2\x80\xa6 https://goo.gl/fb/TjQZyf  #Blockchain"" hasn\'t been tweeted more than 0 times.",0,0
2019-07-04 17:42:36,"Who is behind this @aantonop masterpiece? These #blockchain music videos are hilarious! My current faves are @TheCryptoBubble and @CryptoFinally. Share your favorites, I want more! https://youtu.be/NNmRZsBKdq8  #Bitcoin #btc $btc",2,0
2019-07-04 16:29:42,Is $100 Million Newly Printed in Tether Moving Bitcoin [BTC] Price? \xe2\x80\x93 CTO Paolo Ardiono Clarifies\n\nhttps://coingape.com/tether-prints-million-paolo-ardiono/ \xe2\x80\xa6\n\n- Sign up for Daily Tokens FREE daily email blasts for more crypto related news! http://Dailytoken.co    \n\n#Tether #Bitcoin #Trading #Crypto $BTC,0,0
2019-07-04 16:00:27,New Twitter study finds the united states leads the world in volume of tweets referencing Bitcoin.\n\nhttp://ow.ly/KcE650uTvVN \n\n#btc #bitcoin #crypto #twitter #tech,1,0
2019-07-04 12:11:01,We never loose! We never forget! We never forgive! Because we are EKY team! Our trading accuracy is %98 since years! \nHail Eky! \n#bitcoin #btc $btc #cryptocurrency,4,1
2019-07-04 11:00:03,"Tomorrow\'s Bitcoin(BTC) forecast is\n        \n\xe2\x96\xb3UP 72% \n\xe2\x96\xbcDOWN 28%\n\n#Bitcoin, #BTC\n\nBitcoin Forecast (iOS)\nhttps://itunes.apple.com/app/id1404198250 \xe2\x80\xa6pic.twitter.com/9BS5BsXG8b",0,0
2019-07-04 11:00:01,"Bitcoin - BTC\nPrice: $11,606.71\nChange in 1h: -0.59%\nMarket cap: $206,568,793,855.00\nRanking: 1\n#Bitcoin #BTC",0,0
2019-07-04 10:52:16,In the next twelve months we will see a central bank launch a digital currency...\n\nFacebook Libra has just lit a fire  \n\nWinners are: \n\nBitcoin - digital gold\nLitecoin - digital money\n\n#ltc #litecoin #bitcoin #btc \n\n@APompliano @DonaldJTrumpJr @realDonaldTrump @IvankaTrump,25,5
2019-07-04 10:45:37,Bought bitcoin \nBought litecoin \n\nBack to bed\n\n#ltc #litecoin #bitcoin #btc,19,0
2019-07-04 10:42:49,EU Assigments Legarde to Replace Draghi & Ursula von der Leyen to Head EU #Bitcoin #Btc #Cryptocurrency #finance #forex #markets #fx $BTC $Gold  https://bitcoin.cartel.click/eu-assigments-legarde-to-replace-draghi-ursula-von-der-leyen-to-head-eu/ \xe2\x80\xa6pic.twitter.com/UJzt1hZIDJ,1,0
2019-07-04 10:41:11,Check out the latest Blockchain and Bitcoin news and resources at http://blockchainbtcnews.com/?edition_id=3c675670-9e48-11e9-b260-0cc47a0d1609 \xe2\x80\xa6 #blockchain #bitcoin #btc #crypto #cryptocurrency #cryptocurrencies #blockland Thanks to @HelioDID #blockchain #cryptocurrency,2,0
2019-07-04 10:16:23,Yes we see the same values as pomp...\n\n#ltc #litecoin #bitcoin #btc pic.twitter.com/mJtnnGHVkj,23,4
2019-07-04 09:45:40,"1 Bitcoin ( #BTC )\nDollar: 11,689.97$ \n\n1 Bitcoin Cash ( #BCH )\nDollar: 4,17.38$ \n\n1 Ethereum ( #ETH )\nDollar: 295.31$ \n\n1 Ripple ( #XRP )\nDollar: 0.39750$ \n\nDate: 4 Jul 2019 9:45\n\n#Bitcoin #Ethereum #cryptocurrency #crypto #altcoin #Blockchain #Ripple",2,0
2019-07-04 09:27:58,"UI drag and drop\nOur users can change the user interface of the exchange according to their taste, and implement their trades with their preferred environment\n#SAM #bankdex #exchange #bankex #bitcoin #ethereum #BTC #decentralized #cross_chain #crypto #cryptocurrency #blockchainpic.twitter.com/8I2hazQLHW",204,162
2019-07-04 08:55:57,Bitcoin is >300% up for the last 6 months. What are the main drivers of this Bullrun?\n\n#ElonMusk #Bullrun #Whales #crypto #blockchain #trading #FOMO #Bitcoin #BTC #cryptocurrency #HODLer,7,4
2019-07-04 08:16:46,#Bitcoin $BTC will reach $20\'000 before THIS DATE!\nhttps://www.youtube.com/watch?v=TtVG_EpTVIc \xe2\x80\xa6,31,3
2019-07-04 08:01:43,"Crypto Analyst: Prepare for 153% Bitcoin Surge \xe2\x80\x93 BTC, XRP, Ethereum, Litecoin Forecasts\n\nRead More: http://read.cryptobeanie.com/article/crypto-analyst-prepare-for-153-bitcoin-surge-btc-xrp-ethereum-litecoin-forecasts/15675 \xe2\x80\xa6\n\n#trading #bitcoin #btc #crypto #cryptocurrency #eth #ethereum #litecoin #ltc #news #ripple #technical_analysis #xrp",0,0
2019-07-04 07:58:54,It\'s almost time #Mainnet\n\nThe RISE of the Best #pricavycoin ever made on this market \n\nCompletely Anonymous and Ultra Fast\n\n    \xf0\x9d\x97\x97\xf0\x9d\x97\x94\xf0\x9d\x97\xa3\xf0\x9d\x97\xa6 \xf0\x9d\x97\x9c\xf0\x9d\x97\xa6 \xf0\x9d\x97\x96\xf0\x9d\x97\xa2\xf0\x9d\x97\xa0\xf0\x9d\x97\x9c\xf0\x9d\x97\xa1\xf0\x9d\x97\x9a \n\n#DAPSisComing $DAPS #DAPS #Dapscoin #btc #bitcoin #crypto #blockchainpic.twitter.com/iillhvSm0d,95,44
2019-07-04 07:57:13,"We just released the Cambridge Bitcoin Electricity Consumption Index (CBECI), a live model tracking how much electricity the Bitcoin network consumes in real time. \n\nYou can find more information on the CBECI website: http://www.cbeci.org . \n\n#Bitcoin #BTC #cryptocurrency pic.twitter.com/YD6aFAxQ1b",11,9
2019-07-04 07:17:39,"Mark Yusko: Bitcoin Can Easily Hit $50,000 to $100,000 by 2021\xe2\x80\x93 Plus Ethereum, Ripple and XRP, Stellar, Tron, NEO\n\n#Bitcoin #BTC $BTC #Ethereum #ETH #ETH #XRP $XRP #Stellar #XLM $XLM #Tron #TRX $TRX #NEO $NEOhttps://dailyhodl.com/2019/07/04/mark-yusko-bitcoin-can-easily-hit-50000-to-100000-by-2021-plus-ethereum-ripple-and-xrp-stellar-tron-neo/ \xe2\x80\xa6",10,4
2019-07-04 06:50:23,"Developments continue on Exor Asset Manager platform. Modular in design, it provides information & functionality that enables the user to monitor, control and report on their entire portfolio #EXOR #Crypto #Cryptocurrency #Bitcoin #BTC #altcoinnews #BlockchainNews #Blockchainpic.twitter.com/x0xY6K9DG5",16,10
2019-07-04 06:45:09,Crypto Mass Adoption: 3 Million Traditional ATMs Will Become Bitcoin (BTC) ATMs https://oracletimes.com/crypto-mass-adoption-3-million-traditional-atms-will-become-bitcoin-btc-atms/ \xe2\x80\xa6 #bitcoin #btc,1,0
2019-07-04 06:25:36,"11HR 30min left Left for this auction.\n\nAuction# 277\nCoin: #EUNO\nCoins To Win: 2,500 $EUNO\n\nAuction: http://247Bids.com \n\nTelegram: http://t.me/HQ247Bids  \n\n#247Bids #cryptocurrency #cryptocurrencies #crypto #Bitcoin #BTC #PIVX #LTC #XRP #XVG #LTC #ZEC #DGB #DOGE #DASH #KMDpic.twitter.com/h8awCmRwyl",3,3
2019-07-04 04:49:55,#bitcoin #btc $btc $ndyn $intv $bfch $xall Bitcoin gonna be huge!  Position yourself!,5,3
2019-07-04 03:20:41,Bitcoin is becoming more & more stronger with\n\n- Businesses \n- Institution\n- Buyer\'s \n- Holder\'s\n- Use Cases\n- Valuable\n\n#Bitcoin #BTC #Cryptocurrency,22,4
2019-07-04 03:18:26,"With $BTC rallying upwards, it\xe2\x80\x99s a great time to think about securing your crypto wallet. Learn more on how CryptoDefender can help here: https://bit.ly/2XU6Glv \n\n#BlockSafe #BSAFE #STO #bitcoin #btc #cryptocurrency pic.twitter.com/Cubb0E1omD",4,3
2019-07-04 03:10:02,"Bitcoin BTC Current Price:\n$11,937.91\n1 Hour: 0.17 % | 24 Hours: 5.81 % | 7 Days: -6.17 %\n#btc #bitcoin",0,1
2019-07-04 03:00:06,Did #Facebook understand the challenges EU-GDPR imposes for #blockchaintechnology ?\n\nhttps://buff.ly/2XrvJ3G \n\n#crypto #cryptocurrency #cryptocurrencies #blockchain #altcoin #altcoins #bitcoin #BTC #altcoinmagazine #digital #news #money #trading #banking #finance #coin #portfoliopic.twitter.com/jtEFP562Pl,0,0
2019-07-04 03:00:02,"Bitcoin - BTC\nPrice: $11,921.97\nChange in 1h: +0.09%\nMarket cap: $212,171,159,007.00\nRanking: 1\n#Bitcoin #BTC",0,0
2019-07-04 02:59:20,#bitcoin $btc\n\nPrice actions below 10k has only been a distraction to shake you out before 20k,61,14
2019-07-04 02:39:24,"Shoutout to the organizers of the NEXT BLOCK Asia conference held at Bangkok, Thailand: Krypton Events and Coin Advice.\n.\nAlongside are the ladies of Krypton Events, at the closing event party.\n.\n.\n.\n.\n#WomenInTech #WomenInBlockchain #WomenEmpowerment #Bitcoin #BTC #Crypto #\xe2\x80\xa6 pic.twitter.com/q17r0UgBT9",2,2
2019-07-04 02:31:27,"Well, inverted looks Bullish. #bitcoin #btc $btc #cryptocurrency pic.twitter.com/wvSs7iXNLW",5,2
2019-07-04 02:06:06,"$XRP  !!!\nRyan Zagone explains why PoW #BITCOIN $BTC is useless for adoption. @RIPPLE $XRP consumes almost ZERO ENERGY, FAST AND SCALABLEpic.twitter.com/TxpnkHT0PL",26,5
2019-07-04 02:04:51,Starting a poll. @RussellOkung asked what should his bitcoin pseudonym be on CT. Vote now please\n\n#ltc #litecoin #bitcoin #btc \n@pomp\n#ltc #litecoin #bitcoin #btc,2,0
2019-07-04 02:00:31,#SecurityTokens aim to achieve greater compliance and to work more closely with regulators.\n\nhttps://buff.ly/2XmhzvN \n\n#crypto #cryptocurrency #cryptocurrencies #blockchain #altcoin #altcoins #bitcoin #BTC #altcoinmagazine #money #trading #banking #finance #coin #portfolio pic.twitter.com/79Iv3LCFFP,5,2
2019-07-04 01:50:58,- Febbit - \nBitcoin mining game! Earn and claim satoshis! Enjoy!\nBitcoin Mining Made Fun\nhttps://febbit.com/?ref=5d168e5ba9ce170001a8438c \xe2\x80\xa6\n\n#coinpot #bitcoin #btc #LTC #litecoin #doge #dogecoin #BCH #BitcoinCash $btc $ltc $doge $bch $dash #cryptocurrency #crypto pic.twitter.com/c66NRz5N3X,0,0
2019-07-04 01:45:11,"Canadian exchange Coinsquare has acquired software allowing traditional ATMs to sell cryptocurrency such as bitcoin (BTC), according to a press release on July 3.\n#bitcoin #ethereum #cryptocurrency #BTC #tokens #blockchaintechnologyhttps://bit.ly/2Jn2RzJ ",0,0
2019-07-04 01:38:31,We will see ATH by mid September \n\n22k\n\n#ltc #litecoin #bitcoin #btc,38,2
2019-07-04 01:29:57,Bitcoin (BTC) Price Rally And Recent Influx of USD Directly Correlate\nhttps://tribetica.com/bitcoin-btc-price-rally-and-recent-influx-of-usd-directly-correlate/ \xe2\x80\xa6\n\nhttp://reddit.com/r/tribetica \n#last7daysnews #Bitcoin #blockchain #crypto pic.twitter.com/lLXljTbE59,1,0
2019-07-04 01:12:26,Blocksafe Technologies #blocksafe #sto #BSAFE #bitcoin #btc #erc20 #ico #ieo #forex #stocks #pennystocks #oil #gold secures the crypto and blockchain ecosystem with a suite of products starting with CryptoDefender.  Contact me to become part of the team.pic.twitter.com/Jgq74ULQhU,4,3
2019-07-04 01:00:47,#Merchants can setup custom #rewards and #loyaltyprograms via the admin dashboard.\n\n#mobieX #mobie #mobiepay #mobiecoin #mbx #mobiewallet #payments #paymentindustry #paymentcard #crypto #cryptocurrency #altcoin #bitcoin #btc #digitalcurrencies #ethereum #ethpic.twitter.com/g84mPH4GO4,2,0
2019-07-04 01:00:03,"Tomorrow\'s Bitcoin(BTC) forecast is\n        \n\xe2\x96\xb3UP 81% \n\xe2\x96\xbcDOWN 19%\n\n#Bitcoin, #BTC\n\nBitcoin Forecast (iOS)\nhttps://itunes.apple.com/app/id1404198250 \xe2\x80\xa6pic.twitter.com/z8iNsUy4Es",0,0
2019-07-04 00:41:31,New #Exchange to you\n\nGet Bitcoin and 110+ Exchange crypto the fastest way\n\nSignUp  https://old.changelly.com/?ref_id=dc522bcd18c9 \xe2\x80\xa6 \n\n#Airdrop #freetokens #Ethereum #Giveaway #cryptocurrency #eth #bitcoin #BTC #altcoin #ico #Bounties #blockchain #token #money #earn #bounty #investpic.twitter.com/pLQXEdJjqq,7,3
2019-07-04 00:40:51,We\'re thrilled to announce that we are starting our #Metrix Ambassador Program! This ensures that $MRX will reach ALL communities around the world! For more information visit http://Metrixcoin.com \n\n#crypto #btc #blockchain #tech #marketing #bitcoin #masternode #altcoin #stakingpic.twitter.com/3KjVJ9DUAZ,105,56
2019-07-04 00:33:48,China\'s Sina Finance adds cryptocurrency support on its application amid government clampdown\n\nhttps://ambcrypto.com/chinas-sina-finance-adds-cryptocurrency-support-on-its-application-amid-government-clampdown/?utm_source=twitter.com&utm_medium=social&utm_campaign=chinas-sina-finance-adds-cryptocurrency \xe2\x80\xa6\n\n#China #Bitcoin #BTC #CryptoNews #Cryptocurrency,6,3
2019-07-04 00:31:39,Join the club at http://bit.ly/cI0udBet \n5 BTC Bonus & Live dealers\n#blackjack #bitcoin #btc #casino #bet #gamble #poker #slots pic.twitter.com/IiIMhiO8xn #eth #ltc #xrp,0,1
2019-07-04 00:28:18,... send private message if you are interested in a special offer for my service through the end of 2020 | http://www.standpointresearch.com  | #crypto #stocks #bitcoin $BTC pic.twitter.com/SD0FNAuCoN,4,0
2019-07-04 00:25:20,"Billionaire Investor: Bitcoin (BTC) to Hit $20,000 as Institutions Continue Sortie\nhttps://tribetica.com/billionaire-investor-bitcoin-btc-to-hit-20000-as-institutions-continue-sortie/ \xe2\x80\xa6\n\nhttp://reddit.com/r/tribetica \n#last7daysnews #Bitcoin #blockchain #crypto pic.twitter.com/HvMYjNgfy2",0,0
2019-07-04 00:24:11,"US Congress asks Facebook to NOT move forward with their Libra stablecoin. I cover this cryptocurrency news in my latest video, check it out here: https://youtu.be/RQs9fmpNS6A \n\n#CryptoNews #cryptocurrency #crypto @investing #btc #bitcoin",32,30
2019-07-04 00:22:45,$BTC - this resistance line in LOG scale seems more meaningful now...#bitcoin... pic.twitter.com/cHqvF0OqpM,145,26
2019-07-04 00:17:09,Bitcoin (BTC-USD) rose by 10.632%! Currently priced at $11905.8896 USD.  https://goo.gl/E2Ee6A   #Investing #fire #ira #401k #money #stock #retirement #trade #NeverWorkAgain #CapitalGain #Savings #PersonalFinance #crypto #ethereum #eth #bitcoin #btc,0,0
2019-07-04 00:16:30,Johnstone: Jingoistic Military Fetishization Is As American As Bald Eagle McNuggets #bitcoin #BTC https://www.zerohedge.com/news/2019-07-03/johnstone-jingoistic-military-fetishization-american-bald-eagle-mcnuggets \xe2\x80\xa6 pic.twitter.com/gj3Zuj7LAl,1,1
2019-07-04 00:12:32,"Bitcoin [BTC], Cardano [ADA], Tron [TRX] Price Analysis and Forecast \xe2\x80\x93 July 3, 2019 https://www.onecryptocap.com/threads/bitcoin-btc-cardano-ada-tron-trx-price-analysis-and-forecast-%E2%80%93-july-3-2019.21916/ \xe2\x80\xa6 #crypto #cryptocurrency #blockchain #ethereum #btc #bitcoinmining #bitcoins #litecoin",0,0
2019-07-04 00:10:07,"Bitcoin BTC Current Price:\n$12,003.80\n1 Hour: 0.91 % | 24 Hours: 9.25 % | 7 Days: -7.74 %\n#btc #bitcoin",0,0
2019-07-04 00:10:02,Earn $50 #Stellar (#XLM) just by watching a video! Click here now https://coinbase.com/earn/xlm/invite/z5c7d8gw \xe2\x80\xa6\n\n#cryptocurrency #cryptocurrencies #CryptoTwitter #bitcoin #btc #Ethereum #ETH #xrp #ripple #ltc #litecoin #bcc #bch #bitcoincash #eos #bnb #binance #bsv #bitcoinsv #tether #usdt #ada #neopic.twitter.com/bL1HV4t7qK,1,0
2019-07-04 00:09:52,"$BTCUSD I consider the 9500$-14000$ daily range as a consolidation phase, developing the next big move:\n\n- Breaking up 14000$ to push forward the bull run and find new HH\n- Breaking down 9500$ will make a LL and potentially change the trend\n\n#bitcoin #BTC #crypto #cryptocurrency pic.twitter.com/UVyalUjlch",0,0
2019-07-04 00:03:58,Bitcoin & litecoin & nothing else \n\n#ltc #litecoin #bitcoin #btc,1,0
2019-07-04 00:01:36,EUR/USD: Large expiries and PMI data in focus today #Bitcoin #Btc #Cryptocurrency #finance #forex #markets #fx $BTC $Gold  https://bitcoin.cartel.click/eur-usd-large-expiries-and-pmi-data-in-focus-today/ \xe2\x80\xa6,1,0
2019-07-04 00:01:36,LoopUp continues to see \xe2\x80\x9cstrong demand\xe2\x80\x9d despite macro challenges in first half #Bitcoin #Btc #Cryptocurrency #finance #forex #markets #fx $BTC $Gold  https://bitcoin.cartel.click/loopup-continues-to-see-strong-demand-despite-macro-challenges-in-first-half/ \xe2\x80\xa6,1,0
2019-07-04 00:01:35,Thor Mining outlines next steps for Jervois Vanadium Project in Australia\xe2\x80\x99s Northern Territory #Bitcoin #Btc #Cryptocurrency #finance #forex #markets #fx $BTC $Gold  https://bitcoin.cartel.click/thor-mining-outlines-next-steps-for-jervois-vanadium-project-in-australias-northern-territory/ \xe2\x80\xa6,1,0
2019-07-04 00:00:38,#BTCUSD Market #1H timeframe on  July 3 at 23:00 (UTC)  is #Bullish.  #cryptocurrency #bitcoin #btc #crypto #trading #idea #report technical analysis,0,0
2019-07-04 00:00:24,"https://bit.ly/2MmDPnZ  <<< Don\'t pass up easy \xe2\x82\xbf like this,Refer friends & receive 10% of their earnings too #Bitcoin #BTC #Crypto #CryptoCurrency #WorkFromHomepic.twitter.com/WUmMadiuK8",0,0
2019-07-04 00:00:06, #Bitcoin (#BTC $BTC) global volume weighted average is currently $11977.055 | 9.65% change over 24hrs.  #crypto #blockchain #market #news #coin #trading #cryptocurrency https://coincircus.io/BTC  ,0,0
2019-07-04 00:00:02,"Bitcoin - BTC\nPrice: $11,953.39\nChange in 1h: +0.5%\nMarket cap: $212,726,819,515.00\nRanking: 1\n#Bitcoin #BTC",0,0
2019-07-04 00:00:00,#RegTech industry is expected to grow to USD12.3 Billion by 2023.\n\nhttps://buff.ly/2XjAfw9 \n\n#crypto #cryptocurrency #cryptocurrencies #blockchain #altcoin #altcoins #bitcoin #BTC #altcoinmagazine #digital #news #money #trading #banking #finance #coin #portfolio #investmentpic.twitter.com/Fst9DinFcY,0,0
